epoch,learning_rate,loss,triplet_semihard_loss_vectorized,val_loss,val_triplet_semihard_loss_vectorized
0,9.999999747378752e-05,0.189665287733078,0.189665287733078,0.1804467737674713,0.18039193749427795
1,9.999999747378752e-05,0.18444214761257172,0.18444214761257172,0.1779557317495346,0.1781758815050125
2,9.999999747378752e-05,0.18222032487392426,0.18222032487392426,0.17787998914718628,0.1778801828622818
3,9.999999747378752e-05,0.1799485683441162,0.1799485683441162,0.17440001666545868,0.17434701323509216
4,9.999999747378752e-05,0.17898446321487427,0.17898446321487427,0.17516981065273285,0.1751881092786789
5,9.999999747378752e-05,0.17812025547027588,0.17812025547027588,0.17313727736473083,0.17314104735851288
6,9.999999747378752e-05,0.1776457279920578,0.1776457279920578,0.17338033020496368,0.17337661981582642
7,9.999999747378752e-05,0.17681562900543213,0.17681562900543213,0.1718973070383072,0.17187124490737915
8,9.999999747378752e-05,0.1764022260904312,0.1764022260904312,0.17206616699695587,0.17204637825489044
9,9.999999747378752e-05,0.17629577219486237,0.17629577219486237,0.1734076589345932,0.17335496842861176
10,9.999999747378752e-05,0.17590469121932983,0.17590469121932983,0.17082159221172333,0.17082452774047852
11,9.999999747378752e-05,0.17501552402973175,0.17501552402973175,0.17016862332820892,0.1701667606830597
12,9.999999747378752e-05,0.17425143718719482,0.17425143718719482,0.16973678767681122,0.16968519985675812
13,9.999999747378752e-05,0.17356108129024506,0.17356108129024506,0.16804103553295135,0.16804154217243195
14,9.999999747378752e-05,0.1727720946073532,0.1727720946073532,0.16680878400802612,0.1668161153793335
15,9.999999747378752e-05,0.17152322828769684,0.17152322828769684,0.16607752442359924,0.16602705419063568
16,9.999999747378752e-05,0.17052143812179565,0.17052143812179565,0.166174978017807,0.16615808010101318
17,9.999999747378752e-05,0.17022667825222015,0.17022667825222015,0.16465230286121368,0.16465915739536285
18,9.999999747378752e-05,0.16935695707798004,0.16935695707798004,0.16180217266082764,0.16178753972053528
19,9.999999747378752e-05,0.16909433901309967,0.16909433901309967,0.16305142641067505,0.16305753588676453
20,9.999999747378752e-05,0.16817884147167206,0.16817884147167206,0.16177742183208466,0.16176138818264008
21,9.999999747378752e-05,0.16742809116840363,0.16742809116840363,0.16091863811016083,0.16090574860572815
22,9.999999747378752e-05,0.16757598519325256,0.16757598519325256,0.16172920167446136,0.16173166036605835
23,9.999999747378752e-05,0.16656795144081116,0.16656795144081116,0.15915539860725403,0.15915991365909576
24,9.999999747378752e-05,0.16580098867416382,0.16580098867416382,0.15822303295135498,0.1582343429327011
25,9.999999747378752e-05,0.16573001444339752,0.16573001444339752,0.1598276048898697,0.15977902710437775
26,9.999999747378752e-05,0.16552311182022095,0.16552311182022095,0.15812771022319794,0.15807965397834778
27,9.999999747378752e-05,0.1653980016708374,0.1653980016708374,0.16212154924869537,0.1621280163526535
28,9.999999747378752e-05,0.16510109603405,0.16510109603405,0.15847192704677582,0.1584237664937973
29,9.999999747378752e-05,0.16393858194351196,0.16393858194351196,0.15838037431240082,0.15840306878089905
30,9.999999747378752e-05,0.16376511752605438,0.16376511752605438,0.15709322690963745,0.15710468590259552
31,9.999999747378752e-05,0.16430558264255524,0.16430558264255524,0.15727119147777557,0.1572728157043457
32,9.999999747378752e-05,0.16413378715515137,0.16413378715515137,0.15622007846832275,0.15622803568840027
33,9.999999747378752e-05,0.16307057440280914,0.16307057440280914,0.15699422359466553,0.15700016915798187
34,9.999999747378752e-05,0.16267907619476318,0.16267907619476318,0.15454865992069244,0.15450169146060944
35,9.999999747378752e-05,0.16260771453380585,0.16260771453380585,0.1547437310218811,0.15469670295715332
36,9.999999747378752e-05,0.16258500516414642,0.16258500516414642,0.1560792475938797,0.15606164932250977
37,9.999999747378752e-05,0.16310611367225647,0.16310611367225647,0.1550493836402893,0.1550517976284027
38,9.999999747378752e-05,0.16194134950637817,0.16194134950637817,0.15500469505786896,0.1549575924873352
39,9.999999747378752e-05,0.16261814534664154,0.16261814534664154,0.1544509381055832,0.15445105731487274
40,9.999999747378752e-05,0.16138172149658203,0.16138172149658203,0.15352579951286316,0.15349943935871124
41,9.999999747378752e-05,0.16135308146476746,0.16135308146476746,0.1531345546245575,0.1531158983707428
42,9.999999747378752e-05,0.16114355623722076,0.16114355623722076,0.152857705950737,0.1528395265340805
43,9.999999747378752e-05,0.16058020293712616,0.16058020293712616,0.1521570086479187,0.1521107703447342
44,9.999999747378752e-05,0.16051700711250305,0.16051700711250305,0.15294769406318665,0.1529436707496643
45,9.999999747378752e-05,0.1597975641489029,0.1597975641489029,0.15218637883663177,0.1522199660539627
46,9.999999747378752e-05,0.15998180210590363,0.15998180210590363,0.1508680135011673,0.1508798748254776
47,9.999999747378752e-05,0.1594277322292328,0.1594277322292328,0.15056386590003967,0.15059709548950195
48,9.999999747378752e-05,0.16020072996616364,0.16020072996616364,0.1516258716583252,0.15161855518817902
49,9.999999747378752e-05,0.15947645902633667,0.15947645902633667,0.151775062084198,0.15177801251411438
50,9.999999747378752e-05,0.15847094357013702,0.15847094357013702,0.15071986615657806,0.1506933569908142
51,9.999999747378752e-05,0.1581009030342102,0.1581009030342102,0.15068036317825317,0.15063457190990448
52,9.999999747378752e-05,0.1580188125371933,0.1580188125371933,0.14975939691066742,0.1497737318277359
53,9.999999747378752e-05,0.1578061431646347,0.1578061431646347,0.15039213001728058,0.15034641325473785
54,9.999999747378752e-05,0.1579335629940033,0.1579335629940033,0.1511836051940918,0.15117081999778748
55,9.999999747378752e-05,0.15725749731063843,0.15725749731063843,0.14880670607089996,0.14876148104667664
56,9.999999747378752e-05,0.15636666119098663,0.15636666119098663,0.14861665666103363,0.14862693846225739
57,9.999999747378752e-05,0.15630048513412476,0.15630048513412476,0.14763586223125458,0.14763039350509644
58,9.999999747378752e-05,0.15697821974754333,0.15697821974754333,0.14840173721313477,0.14841429889202118
59,9.999999747378752e-05,0.15671999752521515,0.15671999752521515,0.1477537453174591,0.14774683117866516
60,9.999999747378752e-05,0.15610572695732117,0.15610572695732117,0.14872173964977264,0.14871148765087128
61,9.999999747378752e-05,0.15620902180671692,0.15620902180671692,0.14606936275959015,0.14607200026512146
62,9.999999747378752e-05,0.1560484915971756,0.1560484915971756,0.14838725328445435,0.14839649200439453
63,9.999999747378752e-05,0.15586097538471222,0.15586097538471222,0.14649485051631927,0.14647899568080902
64,9.999999747378752e-05,0.15554501116275787,0.15554501116275787,0.14646923542022705,0.14642472565174103
65,9.999999747378752e-05,0.1546093076467514,0.1546093076467514,0.14696119725704193,0.14691653847694397
66,9.999999747378752e-05,0.15467451512813568,0.15467451512813568,0.14560456573963165,0.14561966061592102
67,9.999999747378752e-05,0.1553352177143097,0.1553352177143097,0.14523112773895264,0.14524270594120026
68,9.999999747378752e-05,0.15501131117343903,0.15501131117343903,0.14460185170173645,0.1446169912815094
69,9.999999747378752e-05,0.15432076156139374,0.15432076156139374,0.14463838934898376,0.1445944458246231
70,9.999999747378752e-05,0.15444354712963104,0.15444354712963104,0.14726470410823822,0.14723478257656097
71,9.999999747378752e-05,0.1541854739189148,0.1541854739189148,0.1468927264213562,0.14688439667224884
72,9.999999747378752e-05,0.15401093661785126,0.15401093661785126,0.1462451070547104,0.14623023569583893
73,9.999999747378752e-05,0.15456363558769226,0.15456363558769226,0.14629057049751282,0.14630229771137238
74,9.999999747378752e-05,0.15383240580558777,0.15383240580558777,0.14582706987857819,0.14578275382518768
75,9.999999747378752e-05,0.15381403267383575,0.15381403267383575,0.14708174765110016,0.1470966786146164
76,9.999999747378752e-05,0.15292507410049438,0.15292507410049438,0.14666847884655,0.1466827094554901
77,9.999999747378752e-05,0.15299122035503387,0.15299122035503387,0.14597570896148682,0.14598976075649261
78,9.999999747378752e-05,0.15395264327526093,0.15395264327526093,0.14426285028457642,0.1442842185497284
79,9.999999747378752e-05,0.15372180938720703,0.15372180938720703,0.14680500328540802,0.1468183845281601
80,9.999999747378752e-05,0.1528824269771576,0.1528824269771576,0.145820751786232,0.14577645063400269
81,9.999999747378752e-05,0.15333983302116394,0.15333983302116394,0.14472900331020355,0.14474241435527802
82,9.999999747378752e-05,0.15198436379432678,0.15198436379432678,0.14578905701637268,0.14574474096298218
83,9.999999747378752e-05,0.15301330387592316,0.15301330387592316,0.14666563272476196,0.14662104845046997
84,9.999999747378752e-05,0.15237228572368622,0.15237228572368622,0.14685364067554474,0.14685708284378052
85,9.999999747378752e-05,0.15211153030395508,0.15211153030395508,0.1459885686635971,0.14599795639514923
86,9.999999747378752e-05,0.1523694097995758,0.1523694097995758,0.14389163255691528,0.14388541877269745
87,9.999999747378752e-05,0.1521334946155548,0.1521334946155548,0.14482557773590088,0.14480796456336975
88,9.999999747378752e-05,0.1520485281944275,0.1520485281944275,0.1439012885093689,0.14391015470027924
89,9.999999747378752e-05,0.15251943469047546,0.15251943469047546,0.1439499408006668,0.14396657049655914
90,9.999999747378752e-05,0.15193507075309753,0.15193507075309753,0.14200690388679504,0.1420089155435562
91,9.999999747378752e-05,0.15244364738464355,0.15244364738464355,0.1425907164812088,0.14258486032485962
92,9.999999747378752e-05,0.15176250040531158,0.15176250040531158,0.1430697739124298,0.14302630722522736
93,9.999999747378752e-05,0.15210308134555817,0.15210308134555817,0.14296859502792358,0.1429857313632965
94,9.999999747378752e-05,0.1520969569683075,0.1520969569683075,0.1474294513463974,0.14741669595241547
95,9.999999747378752e-05,0.15130658447742462,0.15130658447742462,0.14310306310653687,0.14310391247272491
96,9.999999747378752e-05,0.15189990401268005,0.15189990401268005,0.14474427700042725,0.144700288772583
97,9.999999747378752e-05,0.1518346667289734,0.1518346667289734,0.14440658688545227,0.14442290365695953
98,9.999999747378752e-05,0.15118488669395447,0.15118488669395447,0.14210322499275208,0.14211584627628326
99,9.999999747378752e-05,0.1518547385931015,0.1518547385931015,0.14236897230148315,0.14238621294498444
100,9.999999747378752e-05,0.1514447033405304,0.1514447033405304,0.14287139475345612,0.1428874433040619
101,9.999999747378752e-05,0.15135306119918823,0.15135306119918823,0.1415552943944931,0.14155049622058868
102,9.999999747378752e-05,0.15118014812469482,0.15118014812469482,0.1437138468027115,0.1437264233827591
103,9.999999747378752e-05,0.15148642659187317,0.15148642659187317,0.1422126591205597,0.14216943085193634
104,9.999999747378752e-05,0.15085652470588684,0.15085652470588684,0.14137910306453705,0.1413622945547104
105,9.999999747378752e-05,0.15122735500335693,0.15122735500335693,0.14125995337963104,0.14127561450004578
106,9.999999747378752e-05,0.15101394057273865,0.15101394057273865,0.1417350471019745,0.14170637726783752
107,9.999999747378752e-05,0.15077649056911469,0.15077649056911469,0.14108669757843018,0.14110399782657623
108,9.999999747378752e-05,0.15054596960544586,0.15054596960544586,0.14090746641159058,0.14091557264328003
109,9.999999747378752e-05,0.15133783221244812,0.15133783221244812,0.14139865338802338,0.1413603127002716
110,9.999999747378752e-05,0.15040092170238495,0.15040092170238495,0.14184719324111938,0.14180408418178558
111,9.999999747378752e-05,0.15034213662147522,0.15034213662147522,0.1405356079339981,0.1405205875635147
112,9.999999747378752e-05,0.15048295259475708,0.15048295259475708,0.14111070334911346,0.14106781780719757
113,9.999999747378752e-05,0.15044443309307098,0.15044443309307098,0.14199119806289673,0.14197111129760742
114,9.999999747378752e-05,0.14967000484466553,0.14967000484466553,0.14092783629894257,0.14094573259353638
115,9.999999747378752e-05,0.15043628215789795,0.15043628215789795,0.14072063565254211,0.14070720970630646
116,9.999999747378752e-05,0.15027526021003723,0.15027526021003723,0.14063520729541779,0.14068938791751862
117,9.999999747378752e-05,0.1508404165506363,0.1508404165506363,0.14077427983283997,0.14077496528625488
118,9.999999747378752e-05,0.15066130459308624,0.15066130459308624,0.14199496805667877,0.1420232206583023
119,9.999999747378752e-05,0.1494249403476715,0.1494249403476715,0.14183439314365387,0.14180760085582733
120,9.999999747378752e-05,0.15046754479408264,0.15046754479408264,0.13936415314674377,0.13936376571655273
121,9.999999747378752e-05,0.14965806901454926,0.14965806901454926,0.13972322642803192,0.13973654806613922
122,9.999999747378752e-05,0.14995595812797546,0.14995595812797546,0.14063706994056702,0.14059433341026306
123,9.999999747378752e-05,0.14891621470451355,0.14891621470451355,0.13836199045181274,0.13836179673671722
124,9.999999747378752e-05,0.1498553454875946,0.1498553454875946,0.14155776798725128,0.14151474833488464
125,9.999999747378752e-05,0.14949116110801697,0.14949116110801697,0.1402812898159027,0.14027909934520721
126,9.999999747378752e-05,0.14980734884738922,0.14980734884738922,0.14067129790782928,0.14065827429294586
127,9.999999747378752e-05,0.1491573303937912,0.1491573303937912,0.13845698535442352,0.13846886157989502
128,9.999999747378752e-05,0.14927071332931519,0.14927071332931519,0.13951651751995087,0.13947758078575134
129,9.999999747378752e-05,0.1490577906370163,0.1490577906370163,0.1387450098991394,0.138702854514122
130,9.999999747378752e-05,0.14897307753562927,0.14897307753562927,0.1410094052553177,0.14102333784103394
131,9.999999747378752e-05,0.14954721927642822,0.14954721927642822,0.14112161099910736,0.14113707840442657
132,9.999999747378752e-05,0.149469256401062,0.149469256401062,0.13928143680095673,0.1392391175031662
133,9.999999747378752e-05,0.14986571669578552,0.14986571669578552,0.14064669609069824,0.14062471687793732
134,9.999999747378752e-05,0.14940141141414642,0.14940141141414642,0.13943716883659363,0.13942304253578186
135,9.999999747378752e-05,0.14866416156291962,0.14866416156291962,0.13807915151119232,0.13803718984127045
136,9.999999747378752e-05,0.14859992265701294,0.14859992265701294,0.14042985439300537,0.14044097065925598
137,9.999999747378752e-05,0.1491783857345581,0.1491783857345581,0.13732470571994781,0.1373152881860733
138,9.999999747378752e-05,0.14900711178779602,0.14900711178779602,0.13897767663002014,0.1389952152967453
139,9.999999747378752e-05,0.14876772463321686,0.14876772463321686,0.13873548805713654,0.13873381912708282
140,9.999999747378752e-05,0.1487932801246643,0.1487932801246643,0.13839685916900635,0.1383548080921173
141,9.999999747378752e-05,0.14919538795948029,0.14919538795948029,0.13926850259304047,0.13928517699241638
142,9.999999747378752e-05,0.14771988987922668,0.14771988987922668,0.1396358460187912,0.1396484673023224
143,9.999999747378752e-05,0.14872023463249207,0.14872023463249207,0.1368434578180313,0.13680186867713928
144,9.999999747378752e-05,0.1490446776151657,0.1490446776151657,0.13921186327934265,0.13922517001628876
145,9.999999747378752e-05,0.14777930080890656,0.14777930080890656,0.14031167328357697,0.14032655954360962
146,9.999999747378752e-05,0.14802180230617523,0.14802180230617523,0.14197763800621033,0.14207342267036438
147,9.999999747378752e-05,0.14810948073863983,0.14810948073863983,0.1373722404241562,0.1373644918203354
148,9.999999747378752e-05,0.14805825054645538,0.14805825054645538,0.1387842893600464,0.13877779245376587
149,9.999999747378752e-05,0.14826682209968567,0.14826682209968567,0.13661184906959534,0.13657031953334808
150,9.999999747378752e-05,0.14842480421066284,0.14842480421066284,0.13766613602638245,0.1376776248216629
151,9.999999747378752e-05,0.14840851724147797,0.14840851724147797,0.13788938522338867,0.1378995180130005
152,9.999999747378752e-05,0.14828482270240784,0.14828482270240784,0.138498917222023,0.1384858638048172
153,9.999999747378752e-05,0.14826609194278717,0.14826609194278717,0.13645963370800018,0.13647310435771942
154,9.999999747378752e-05,0.14796361327171326,0.14796361327171326,0.1399417668581009,0.13993926346302032
155,9.999999747378752e-05,0.14763474464416504,0.14763474464416504,0.13918419182300568,0.13921014964580536
156,9.999999747378752e-05,0.14861679077148438,0.14861679077148438,0.14033755660057068,0.14035338163375854
157,9.999999747378752e-05,0.14815272390842438,0.14815272390842438,0.13694140315055847,0.13689978420734406
158,9.999999747378752e-05,0.1471414864063263,0.1471414864063263,0.1379547268152237,0.13797174394130707
159,9.999999747378752e-05,0.1480780690908432,0.1480780690908432,0.137456476688385,0.13746583461761475
160,9.999999747378752e-05,0.14653785526752472,0.14653785526752472,0.13657459616661072,0.1365744024515152
161,9.999999747378752e-05,0.1482205092906952,0.1482205092906952,0.13735175132751465,0.1373623162508011
162,9.999999747378752e-05,0.14802075922489166,0.14802075922489166,0.1381431668996811,0.1381537914276123
163,9.999999747378752e-05,0.14766168594360352,0.14766168594360352,0.13618135452270508,0.13613995909690857
164,9.999999747378752e-05,0.1476791352033615,0.1476791352033615,0.13893625140190125,0.13889402151107788
165,9.999999747378752e-05,0.14741289615631104,0.14741289615631104,0.13598188757896423,0.1359921097755432
166,9.999999747378752e-05,0.14701078832149506,0.14701078832149506,0.13697150349617004,0.13696466386318207
167,9.999999747378752e-05,0.14740659296512604,0.14740659296512604,0.13742594420909882,0.1374262571334839
168,9.999999747378752e-05,0.1470840573310852,0.1470840573310852,0.13687217235565186,0.13685916364192963
169,9.999999747378752e-05,0.14741367101669312,0.14741367101669312,0.1373528391122818,0.13731110095977783
170,9.999999747378752e-05,0.14760537445545197,0.14760537445545197,0.1397462785243988,0.13976222276687622
171,9.999999747378752e-05,0.14732423424720764,0.14732423424720764,0.1370774209499359,0.13709543645381927
172,9.999999747378752e-05,0.14763909578323364,0.14763909578323364,0.13697277009487152,0.1369311362504959
173,9.999999747378752e-05,0.14732074737548828,0.14732074737548828,0.13573645055294037,0.13576224446296692
174,9.999999747378752e-05,0.14673446118831635,0.14673446118831635,0.13599686324596405,0.1359555423259735
175,9.999999747378752e-05,0.1463642567396164,0.1463642567396164,0.13560760021209717,0.1355958878993988
176,9.999999747378752e-05,0.14623801410198212,0.14623801410198212,0.13655948638916016,0.1365380883216858
177,9.999999747378752e-05,0.14786531031131744,0.14786531031131744,0.13697724044322968,0.13700060546398163
178,9.999999747378752e-05,0.14713722467422485,0.14713722467422485,0.1368183046579361,0.13683930039405823
179,9.999999747378752e-05,0.14663565158843994,0.14663565158843994,0.13910967111587524,0.1390673816204071
180,9.999999747378752e-05,0.14634492993354797,0.14634492993354797,0.13535268604755402,0.13535645604133606
181,9.999999747378752e-05,0.147112637758255,0.147112637758255,0.13637638092041016,0.13636213541030884
182,9.999999747378752e-05,0.1467459350824356,0.1467459350824356,0.1349826604127884,0.13495688140392303
183,9.999999747378752e-05,0.14680726826190948,0.14680726826190948,0.1355774700641632,0.1355833113193512
184,9.999999747378752e-05,0.14659333229064941,0.14659333229064941,0.13307039439678192,0.13304689526557922
185,9.999999747378752e-05,0.1465199887752533,0.1465199887752533,0.13440123200416565,0.1343603879213333
186,9.999999747378752e-05,0.14723964035511017,0.14723964035511017,0.13615426421165466,0.1361778825521469
187,9.999999747378752e-05,0.14712107181549072,0.14712107181549072,0.13559851050376892,0.1356039196252823
188,9.999999747378752e-05,0.1468660533428192,0.1468660533428192,0.13601523637771606,0.13599993288516998
189,9.999999747378752e-05,0.1462853103876114,0.1462853103876114,0.13353992998600006,0.13349933922290802
190,9.999999747378752e-05,0.14594212174415588,0.14594212174415588,0.13504567742347717,0.13500463962554932
191,9.999999747378752e-05,0.14714230597019196,0.14714230597019196,0.1344730257987976,0.13443216681480408
192,9.999999747378752e-05,0.1461946666240692,0.1461946666240692,0.13430337607860565,0.13428190350532532
193,9.999999747378752e-05,0.14638368785381317,0.14638368785381317,0.13406917452812195,0.13402843475341797
194,9.999999747378752e-05,0.14679913222789764,0.14679913222789764,0.13533173501491547,0.13529060781002045
195,9.999999747378752e-05,0.1459944248199463,0.1459944248199463,0.13403914868831635,0.13399840891361237
196,9.999999747378752e-05,0.14542675018310547,0.14542675018310547,0.13499777019023895,0.13500916957855225
197,9.999999747378752e-05,0.14611588418483734,0.14611588418483734,0.1344778686761856,0.13449355959892273
198,9.999999747378752e-05,0.14585913717746735,0.14585913717746735,0.13488353788852692,0.13484376668930054
199,9.999999747378752e-05,0.14620183408260345,0.14620183408260345,0.13728581368923187,0.1372566819190979
200,9.999999747378752e-05,0.1460445076227188,0.1460445076227188,0.13533689081668854,0.13535143435001373
201,9.999999747378752e-05,0.1455947309732437,0.1455947309732437,0.1348065882921219,0.134765625
202,9.999999747378752e-05,0.14598233997821808,0.14598233997821808,0.13366451859474182,0.1336749792098999
203,9.999999747378752e-05,0.14606189727783203,0.14606189727783203,0.13554958999156952,0.13550840318202972
204,9.999999747378752e-05,0.14608906209468842,0.14608906209468842,0.13398270308971405,0.13394199311733246
205,9.999999747378752e-05,0.1457516998052597,0.1457516998052597,0.13637638092041016,0.13639290630817413
206,9.999999747378752e-05,0.14583612978458405,0.14583612978458405,0.13410186767578125,0.13406260311603546
207,9.999999747378752e-05,0.14541283249855042,0.14541283249855042,0.13569588959217072,0.13569337129592896
208,9.999999747378752e-05,0.14546535909175873,0.14546535909175873,0.13384541869163513,0.13380475342273712
209,9.999999747378752e-05,0.14589501917362213,0.14589501917362213,0.13338401913642883,0.13340353965759277
210,4.999999873689376e-05,0.1448020190000534,0.1448020190000534,0.13237008452415466,0.1323683112859726
211,4.999999873689376e-05,0.1439213901758194,0.1439213901758194,0.13161900639533997,0.13160471618175507
212,4.999999873689376e-05,0.1447974443435669,0.1447974443435669,0.13180939853191376,0.1317693442106247
213,4.999999873689376e-05,0.14324010908603668,0.14324010908603668,0.13178366422653198,0.13179656863212585
214,4.999999873689376e-05,0.14344319701194763,0.14344319701194763,0.13152919709682465,0.13148923218250275
215,4.999999873689376e-05,0.14365005493164062,0.14365005493164062,0.13241344690322876,0.13243065774440765
216,4.999999873689376e-05,0.14349250495433807,0.14349250495433807,0.13393497467041016,0.13391929864883423
217,4.999999873689376e-05,0.14388114213943481,0.14388114213943481,0.1310473084449768,0.13104932010173798
218,4.999999873689376e-05,0.1438654363155365,0.1438654363155365,0.131822869181633,0.13178281486034393
219,4.999999873689376e-05,0.1435335874557495,0.1435335874557495,0.13258379697799683,0.13259023427963257
220,4.999999873689376e-05,0.14467477798461914,0.14467477798461914,0.13009360432624817,0.13011206686496735
221,4.999999873689376e-05,0.14340099692344666,0.14340099692344666,0.13141652941703796,0.13141146302223206
222,4.999999873689376e-05,0.14325079321861267,0.14325079321861267,0.13196758925914764,0.13195253908634186
223,4.999999873689376e-05,0.14351804554462433,0.14351804554462433,0.13297735154628754,0.13296227157115936
224,4.999999873689376e-05,0.14358584582805634,0.14358584582805634,0.13023123145103455,0.13022851943969727
225,4.999999873689376e-05,0.1432039588689804,0.1432039588689804,0.12933233380317688,0.1293446272611618
226,4.999999873689376e-05,0.14331254363059998,0.14331254363059998,0.131773442029953,0.13176316022872925
227,4.999999873689376e-05,0.14289142191410065,0.14289142191410065,0.1314673274755478,0.1314743459224701
228,4.999999873689376e-05,0.14311295747756958,0.14311295747756958,0.13163496553897858,0.13162744045257568
229,4.999999873689376e-05,0.14319659769535065,0.14319659769535065,0.1308131366968155,0.13081680238246918
230,4.999999873689376e-05,0.14395664632320404,0.14395664632320404,0.13169467449188232,0.1317107230424881
231,4.999999873689376e-05,0.14330153167247772,0.14330153167247772,0.1325989067554474,0.13261263072490692
232,4.999999873689376e-05,0.1441376507282257,0.1441376507282257,0.12944093346595764,0.12942752242088318
233,4.999999873689376e-05,0.1433427929878235,0.1433427929878235,0.13014166057109833,0.13010211288928986
234,4.999999873689376e-05,0.14372822642326355,0.14372822642326355,0.13176193833351135,0.13174615800380707
235,4.999999873689376e-05,0.1439562439918518,0.1439562439918518,0.13102924823760986,0.13106463849544525
236,4.999999873689376e-05,0.14292500913143158,0.14292500913143158,0.1296420395374298,0.12960264086723328
237,4.999999873689376e-05,0.14365200698375702,0.14365200698375702,0.1297534704208374,0.12975259125232697
238,4.999999873689376e-05,0.14286202192306519,0.14286202192306519,0.1314893215894699,0.13150697946548462
239,4.999999873689376e-05,0.14346395432949066,0.14346395432949066,0.13003768026828766,0.13002756237983704
240,4.999999873689376e-05,0.14256909489631653,0.14256909489631653,0.13124845921993256,0.13125450909137726
241,4.999999873689376e-05,0.1429889053106308,0.1429889053106308,0.1325467973947525,0.13256405293941498
242,4.999999873689376e-05,0.14350931346416473,0.14350931346416473,0.13094694912433624,0.13090714812278748
243,4.999999873689376e-05,0.1436145156621933,0.1436145156621933,0.12860943377017975,0.12861506640911102
244,4.999999873689376e-05,0.14305604994297028,0.14305604994297028,0.1304807811975479,0.13048981130123138
245,4.999999873689376e-05,0.14387716352939606,0.14387716352939606,0.13047386705875397,0.13049262762069702
246,4.999999873689376e-05,0.14274939894676208,0.14274939894676208,0.13035395741462708,0.1303567737340927
247,4.999999873689376e-05,0.14336298406124115,0.14336298406124115,0.13121668994426727,0.13123418390750885
248,4.999999873689376e-05,0.14370031654834747,0.14370031654834747,0.1299239993095398,0.1298845261335373
249,4.999999873689376e-05,0.14281626045703888,0.14281626045703888,0.1307874172925949,0.13074767589569092
250,4.999999873689376e-05,0.14235302805900574,0.14235302805900574,0.13037718832492828,0.13039293885231018
251,4.999999873689376e-05,0.14330720901489258,0.14330720901489258,0.13254816830158234,0.13250787556171417
252,4.999999873689376e-05,0.14278613030910492,0.14278613030910492,0.1307302713394165,0.13072071969509125
253,4.999999873689376e-05,0.14357183873653412,0.14357183873653412,0.13082455098628998,0.13082236051559448
254,4.999999873689376e-05,0.14269624650478363,0.14269624650478363,0.130232036113739,0.13021788001060486
255,4.999999873689376e-05,0.14303037524223328,0.14303037524223328,0.13220636546611786,0.13216619193553925
256,4.999999873689376e-05,0.1432074010372162,0.1432074010372162,0.1305127590894699,0.1305025964975357
257,4.999999873689376e-05,0.1427105963230133,0.1427105963230133,0.1314508616924286,0.13143905997276306
258,4.999999873689376e-05,0.14247676730155945,0.14247676730155945,0.12971684336662292,0.1296774297952652
259,4.999999873689376e-05,0.14283786714076996,0.14283786714076996,0.13139313459396362,0.13137245178222656
260,4.999999873689376e-05,0.1432052105665207,0.1432052105665207,0.12950576841831207,0.12949250638484955
261,4.999999873689376e-05,0.14297305047512054,0.14297305047512054,0.12983237206935883,0.12981568276882172
262,4.999999873689376e-05,0.14285245537757874,0.14285245537757874,0.12790939211845398,0.12791204452514648
263,4.999999873689376e-05,0.1426212340593338,0.1426212340593338,0.13074691593647003,0.13076651096343994
264,4.999999873689376e-05,0.1424804925918579,0.1424804925918579,0.12959590554237366,0.1295916885137558
265,4.999999873689376e-05,0.14287222921848297,0.14287222921848297,0.1299431174993515,0.1299036294221878
266,4.999999873689376e-05,0.14364241063594818,0.14364241063594818,0.13108547031879425,0.1310456246137619
267,4.999999873689376e-05,0.1419169306755066,0.1419169306755066,0.12940356135368347,0.1293642371892929
268,4.999999873689376e-05,0.14233939349651337,0.14233939349651337,0.12972469627857208,0.12974023818969727
269,4.999999873689376e-05,0.14232197403907776,0.14232197403907776,0.1296047419309616,0.12962377071380615
270,4.999999873689376e-05,0.1428384929895401,0.1428384929895401,0.13112346827983856,0.1310943365097046
271,4.999999873689376e-05,0.14265652000904083,0.14265652000904083,0.12902162969112396,0.12901221215724945
272,4.999999873689376e-05,0.14272576570510864,0.14272576570510864,0.1298472136259079,0.1298077553510666
273,4.999999873689376e-05,0.14276638627052307,0.14276638627052307,0.1290023922920227,0.1290033608675003
274,4.999999873689376e-05,0.14271582663059235,0.14271582663059235,0.13115935027599335,0.1311744898557663
275,4.999999873689376e-05,0.14275816082954407,0.14275816082954407,0.1278863549232483,0.12784749269485474
276,4.999999873689376e-05,0.1427675038576126,0.1427675038576126,0.129147008061409,0.1291475147008896
277,4.999999873689376e-05,0.14229582250118256,0.14229582250118256,0.13000571727752686,0.13000237941741943
278,4.999999873689376e-05,0.1419338434934616,0.1419338434934616,0.13166001439094543,0.13163384795188904
279,4.999999873689376e-05,0.14277799427509308,0.14277799427509308,0.1291796863079071,0.12914042174816132
280,4.999999873689376e-05,0.14221152663230896,0.14221152663230896,0.13075456023216248,0.13071481883525848
281,4.999999873689376e-05,0.14234057068824768,0.14234057068824768,0.12983213365077972,0.12984895706176758
282,4.999999873689376e-05,0.14269734919071198,0.14269734919071198,0.13057513535022736,0.1305907964706421
283,4.999999873689376e-05,0.14162345230579376,0.14162345230579376,0.13077139854431152,0.13078540563583374
284,4.999999873689376e-05,0.14287982881069183,0.14287982881069183,0.12951458990573883,0.1295035481452942
285,4.999999873689376e-05,0.141243115067482,0.141243115067482,0.12978078424930573,0.12979872524738312
286,4.999999873689376e-05,0.14242994785308838,0.14242994785308838,0.12906862795352936,0.12905900180339813
287,4.999999873689376e-05,0.14281675219535828,0.14281675219535828,0.1301535964012146,0.1301833987236023
288,2.499999936844688e-05,0.14160671830177307,0.14160671830177307,0.12958362698554993,0.12960413098335266
289,2.499999936844688e-05,0.14085496962070465,0.14085496962070465,0.1283341646194458,0.1283549815416336
290,2.499999936844688e-05,0.14161597192287445,0.14161597192287445,0.12674300372600555,0.1267380565404892
291,2.499999936844688e-05,0.14160901308059692,0.14160901308059692,0.1295246183872223,0.12948524951934814
292,2.499999936844688e-05,0.14149481058120728,0.14149481058120728,0.12858335673809052,0.12860481441020966
293,2.499999936844688e-05,0.14158234000205994,0.14158234000205994,0.12978871166706085,0.129807710647583
294,2.499999936844688e-05,0.14077383279800415,0.14077383279800415,0.1289183646440506,0.12890857458114624
295,2.499999936844688e-05,0.1408645063638687,0.1408645063638687,0.13096553087234497,0.130986288189888
296,2.499999936844688e-05,0.14102400839328766,0.14102400839328766,0.12803900241851807,0.12804166972637177
297,2.499999936844688e-05,0.14138402044773102,0.14138402044773102,0.12924057245254517,0.1292298585176468
298,2.499999936844688e-05,0.14123676717281342,0.14123676717281342,0.12934014201164246,0.12930083274841309
299,2.499999936844688e-05,0.14067482948303223,0.14067482948303223,0.1290500909090042,0.12905992567539215
300,2.499999936844688e-05,0.14084550738334656,0.14084550738334656,0.13063782453536987,0.13059812784194946
301,2.499999936844688e-05,0.14074838161468506,0.14074838161468506,0.12952102720737457,0.12953823804855347
302,2.499999936844688e-05,0.14114594459533691,0.14114594459533691,0.1286706030368805,0.12869025766849518
303,2.499999936844688e-05,0.14166876673698425,0.14166876673698425,0.12833411991596222,0.12832166254520416
304,2.499999936844688e-05,0.14023806154727936,0.14023806154727936,0.1286715716123581,0.12863247096538544
305,2.499999936844688e-05,0.14098401367664337,0.14098401367664337,0.12803660333156586,0.1280101090669632
306,2.499999936844688e-05,0.14193059504032135,0.14193059504032135,0.12851855158805847,0.12852397561073303
307,2.499999936844688e-05,0.14123602211475372,0.14123602211475372,0.12915734946727753,0.12915091216564178
308,2.499999936844688e-05,0.14167849719524384,0.14167849719524384,0.1285545378923416,0.12854832410812378
309,2.499999936844688e-05,0.14134851098060608,0.14134851098060608,0.1295650154352188,0.12954004108905792
310,2.499999936844688e-05,0.14111925661563873,0.14111925661563873,0.12787948548793793,0.12784062325954437
311,2.499999936844688e-05,0.14118026196956635,0.14118026196956635,0.12959109246730804,0.1295517086982727
312,2.499999936844688e-05,0.14117927849292755,0.14117927849292755,0.12928269803524017,0.12927360832691193
313,2.499999936844688e-05,0.1406477838754654,0.1406477838754654,0.12825676798820496,0.12821778655052185
314,2.499999936844688e-05,0.1407162994146347,0.1407162994146347,0.1296299546957016,0.12959057092666626
315,2.499999936844688e-05,0.1417618691921234,0.1417618691921234,0.1300453543663025,0.13003093004226685
316,1.249999968422344e-05,0.14044427871704102,0.14044427871704102,0.1281070113182068,0.1280977725982666
317,1.249999968422344e-05,0.140983447432518,0.140983447432518,0.12907756865024567,0.1290571093559265
318,1.249999968422344e-05,0.1409066617488861,0.1409066617488861,0.12587158381938934,0.12587717175483704
319,1.249999968422344e-05,0.14018668234348297,0.14018668234348297,0.1276940405368805,0.12769365310668945
320,1.249999968422344e-05,0.14116893708705902,0.14116893708705902,0.12689433991909027,0.12691092491149902
321,1.249999968422344e-05,0.14123468101024628,0.14123468101024628,0.12739264965057373,0.1274132877588272
322,1.249999968422344e-05,0.14084923267364502,0.14084923267364502,0.12806124985218048,0.12807999551296234
323,1.249999968422344e-05,0.14072242379188538,0.14072242379188538,0.129397451877594,0.12938152253627777
324,1.249999968422344e-05,0.14085426926612854,0.14085426926612854,0.12795989215373993,0.12794464826583862
325,1.249999968422344e-05,0.14059416949748993,0.14059416949748993,0.12834039330482483,0.12830139696598053
326,1.249999968422344e-05,0.1399553269147873,0.1399553269147873,0.128245010972023,0.12824517488479614
327,1.249999968422344e-05,0.1404963880777359,0.1404963880777359,0.12589330971240997,0.1259147673845291
328,1.249999968422344e-05,0.14033940434455872,0.14033940434455872,0.12712794542312622,0.12708930671215057
329,1.249999968422344e-05,0.13996168971061707,0.13996168971061707,0.12845994532108307,0.128469780087471
330,1.249999968422344e-05,0.14101611077785492,0.14101611077785492,0.12832656502723694,0.12831446528434753
331,1.249999968422344e-05,0.14050883054733276,0.14050883054733276,0.12759517133235931,0.12757143378257751
332,1.249999968422344e-05,0.14044271409511566,0.14044271409511566,0.1286010593175888,0.12861643731594086
333,1.249999968422344e-05,0.1409437656402588,0.1409437656402588,0.12809395790100098,0.12805503606796265
334,1.249999968422344e-05,0.14127950370311737,0.14127950370311737,0.12973429262638092,0.12975290417671204
335,1.249999968422344e-05,0.14066605269908905,0.14066605269908905,0.12658901512622833,0.12659990787506104
336,1.249999968422344e-05,0.14113368093967438,0.14113368093967438,0.12757091224193573,0.12757667899131775
337,1.249999968422344e-05,0.140374556183815,0.140374556183815,0.1288367360830307,0.12879759073257446
338,1.249999968422344e-05,0.14072009921073914,0.14072009921073914,0.12733520567417145,0.12735670804977417
339,1.249999968422344e-05,0.1401623636484146,0.1401623636484146,0.12688124179840088,0.12686537206172943
340,1.249999968422344e-05,0.14036095142364502,0.14036095142364502,0.12907424569129944,0.12903502583503723
341,1.249999968422344e-05,0.1412019580602646,0.1412019580602646,0.12870489060878754,0.12872424721717834
342,1.249999968422344e-05,0.14040328562259674,0.14040328562259674,0.12725473940372467,0.12726587057113647
343,1.249999968422344e-05,0.14109212160110474,0.14109212160110474,0.12712985277175903,0.12711143493652344
344,6.24999984211172e-06,0.1411520540714264,0.1411520540714264,0.12823928892612457,0.128239244222641
345,6.24999984211172e-06,0.14005501568317413,0.14005501568317413,0.12804055213928223,0.12805236876010895
346,6.24999984211172e-06,0.1396060585975647,0.1396060585975647,0.12683896720409393,0.12680043280124664
347,6.24999984211172e-06,0.1410556584596634,0.1410556584596634,0.12584444880485535,0.12580619752407074
348,6.24999984211172e-06,0.14054003357887268,0.14054003357887268,0.12741723656654358,0.12739677727222443
349,6.24999984211172e-06,0.13946020603179932,0.13946020603179932,0.12744411826133728,0.12746313214302063
350,6.24999984211172e-06,0.14057904481887817,0.14057904481887817,0.12750326097011566,0.12748965620994568
351,6.24999984211172e-06,0.14015936851501465,0.14015936851501465,0.12761381268501282,0.12757503986358643
352,6.24999984211172e-06,0.13936887681484222,0.13936887681484222,0.1279226839542389,0.12792116403579712
353,6.24999984211172e-06,0.13998472690582275,0.13998472690582275,0.12722435593605042,0.12721982598304749
354,6.24999984211172e-06,0.14088940620422363,0.14088940620422363,0.12618395686149597,0.1261797547340393
355,6.24999984211172e-06,0.14018718898296356,0.14018718898296356,0.12669584155082703,0.12669076025485992
356,6.24999984211172e-06,0.13970205187797546,0.13970205187797546,0.1271507889032364,0.12717217206954956
357,6.24999984211172e-06,0.140121191740036,0.140121191740036,0.12886305153369904,0.1288805603981018
358,6.24999984211172e-06,0.14003849029541016,0.14003849029541016,0.1275825947523117,0.12754382193088531
359,6.24999984211172e-06,0.14012908935546875,0.14012908935546875,0.12695357203483582,0.1269441395998001
360,6.24999984211172e-06,0.13981735706329346,0.13981735706329346,0.1267419010400772,0.1267033815383911
361,6.24999984211172e-06,0.1405639499425888,0.1405639499425888,0.12623636424541473,0.12625743448734283
362,6.24999984211172e-06,0.13986718654632568,0.13986718654632568,0.12754498422145844,0.12750622630119324
363,6.24999984211172e-06,0.14072249829769135,0.14072249829769135,0.1269782930612564,0.12693971395492554
364,6.24999984211172e-06,0.14008328318595886,0.14008328318595886,0.12590818107128143,0.12593263387680054
365,6.24999984211172e-06,0.13977427780628204,0.13977427780628204,0.12767288088798523,0.12765532732009888
366,6.24999984211172e-06,0.14086401462554932,0.14086401462554932,0.12885181605815887,0.12897083163261414
367,6.24999984211172e-06,0.14018000662326813,0.14018000662326813,0.12873250246047974,0.1286933869123459
368,6.24999984211172e-06,0.14025253057479858,0.14025253057479858,0.12728886306285858,0.127306267619133
369,3.12499992105586e-06,0.13997946679592133,0.13997946679592133,0.12666034698486328,0.1266419142484665
370,3.12499992105586e-06,0.13962334394454956,0.13962334394454956,0.12734466791152954,0.12734058499336243
371,3.12499992105586e-06,0.13909779489040375,0.13909779489040375,0.1281927078962326,0.12821103632450104
372,3.12499992105586e-06,0.13997851312160492,0.13997851312160492,0.12755152583122253,0.12758874893188477
373,3.12499992105586e-06,0.13991929590702057,0.13991929590702057,0.12596605718135834,0.12592777609825134
374,3.12499992105586e-06,0.1406334936618805,0.1406334936618805,0.12850481271743774,0.12850867211818695
375,3.12499992105586e-06,0.13956846296787262,0.13956846296787262,0.12634949386119843,0.1263704001903534
376,3.12499992105586e-06,0.14028805494308472,0.14028805494308472,0.12822361290454865,0.12820254266262054
377,3.12499992105586e-06,0.1393899917602539,0.1393899917602539,0.12661343812942505,0.1266351193189621
378,3.12499992105586e-06,0.13968847692012787,0.13968847692012787,0.12823772430419922,0.1281987428665161
379,3.12499992105586e-06,0.1399010568857193,0.1399010568857193,0.12669943273067474,0.12670384347438812
380,3.12499992105586e-06,0.14074693620204926,0.14074693620204926,0.12634454667568207,0.126336008310318
381,3.12499992105586e-06,0.1398308426141739,0.1398308426141739,0.12655743956565857,0.12651897966861725
382,3.12499992105586e-06,0.14034585654735565,0.14034585654735565,0.12683241069316864,0.1268242597579956
383,3.12499992105586e-06,0.13928097486495972,0.13928097486495972,0.12514247000217438,0.12515825033187866
384,3.12499992105586e-06,0.13970740139484406,0.13970740139484406,0.1282252073287964,0.12822790443897247
385,3.12499992105586e-06,0.13962459564208984,0.13962459564208984,0.1262248307466507,0.12618809938430786
386,3.12499992105586e-06,0.1399754136800766,0.1399754136800766,0.12655624747276306,0.12655387818813324
387,3.12499992105586e-06,0.13992944359779358,0.13992944359779358,0.12706154584884644,0.1270424723625183
388,3.12499992105586e-06,0.13994276523590088,0.13994276523590088,0.12903153896331787,0.12903614342212677
389,3.12499992105586e-06,0.14014609158039093,0.14014609158039093,0.12714700400829315,0.12716123461723328
390,3.12499992105586e-06,0.14006227254867554,0.14006227254867554,0.1274024099111557,0.12742160260677338
391,3.12499992105586e-06,0.13997672498226166,0.13997672498226166,0.12626445293426514,0.12625454366207123
392,3.12499992105586e-06,0.14010141789913177,0.14010141789913177,0.1275201141834259,0.1274813711643219
393,3.12499992105586e-06,0.13969209790229797,0.13969209790229797,0.12767088413238525,0.12763209640979767
394,3.12499992105586e-06,0.14022687077522278,0.14022687077522278,0.12788088619709015,0.12789781391620636
395,3.12499992105586e-06,0.13939176499843597,0.13939176499843597,0.1264631301164627,0.1264648586511612
396,3.12499992105586e-06,0.14003342390060425,0.14003342390060425,0.12675423920154572,0.1267242729663849
397,3.12499992105586e-06,0.14002729952335358,0.14002729952335358,0.1277989000082016,0.12776006758213043
398,3.12499992105586e-06,0.13977116346359253,0.13977116346359253,0.12734627723693848,0.1274050772190094
399,3.12499992105586e-06,0.1402910351753235,0.1402910351753235,0.1262437254190445,0.12624123692512512
400,3.12499992105586e-06,0.13945968449115753,0.13945968449115753,0.12847264111042023,0.12847104668617249
401,3.12499992105586e-06,0.13970747590065002,0.13970747590065002,0.1283978521823883,0.12841838598251343
402,3.12499992105586e-06,0.14022299647331238,0.14022299647331238,0.1279100477695465,0.12790094316005707
403,3.12499992105586e-06,0.13983246684074402,0.13983246684074402,0.12798406183719635,0.12800370156764984
404,3.12499992105586e-06,0.14032092690467834,0.14032092690467834,0.12595555186271667,0.12595640122890472
405,3.12499992105586e-06,0.14048002660274506,0.14048002660274506,0.1271335482597351,0.12716911733150482
406,3.12499992105586e-06,0.13938963413238525,0.13938963413238525,0.12835563719272614,0.12837611138820648
407,3.12499992105586e-06,0.13980866968631744,0.13980866968631744,0.12824030220508575,0.12824098765850067
408,3.12499992105586e-06,0.13970059156417847,0.13970059156417847,0.12822093069553375,0.12818196415901184
409,1.56249996052793e-06,0.14019347727298737,0.14019347727298737,0.12825234234333038,0.12821336090564728
410,1.56249996052793e-06,0.13999077677726746,0.13999077677726746,0.12812557816505432,0.1280866414308548
411,1.56249996052793e-06,0.14000730216503143,0.14000730216503143,0.12811680138111115,0.1281070113182068
412,1.56249996052793e-06,0.13975118100643158,0.13975118100643158,0.12699857354164124,0.12701848149299622
413,1.56249996052793e-06,0.1397174745798111,0.1397174745798111,0.12781158089637756,0.12778744101524353
414,1.56249996052793e-06,0.1394234001636505,0.1394234001636505,0.12690140306949615,0.12686283886432648
415,1.56249996052793e-06,0.1388653963804245,0.1388653963804245,0.12774896621704102,0.12771013379096985
416,1.56249996052793e-06,0.13952858746051788,0.13952858746051788,0.12811283767223358,0.12810158729553223
417,1.56249996052793e-06,0.13981153070926666,0.13981153070926666,0.12750603258609772,0.12750248610973358
418,1.56249996052793e-06,0.13967733085155487,0.13967733085155487,0.12758776545524597,0.1276085078716278
419,1.56249996052793e-06,0.1395009607076645,0.1395009607076645,0.12592115998268127,0.12588289380073547
420,1.56249996052793e-06,0.13968637585639954,0.13968637585639954,0.12752525508403778,0.12748649716377258
421,1.56249996052793e-06,0.1390993446111679,0.1390993446111679,0.1279388964176178,0.12790001928806305
422,1.56249996052793e-06,0.13980324566364288,0.13980324566364288,0.1269332468509674,0.1269383728504181
423,1.56249996052793e-06,0.1395750790834427,0.1395750790834427,0.12671159207820892,0.12667308747768402
424,1.56249996052793e-06,0.13989518582820892,0.13989518582820892,0.1269589066505432,0.1269778311252594
425,1.56249996052793e-06,0.1399386078119278,0.1399386078119278,0.12910546362400055,0.12906622886657715
426,1.56249996052793e-06,0.13938085734844208,0.13938085734844208,0.12957605719566345,0.1295793503522873
427,1.56249996052793e-06,0.13957223296165466,0.13957223296165466,0.12602654099464417,0.12598824501037598
428,1.56249996052793e-06,0.13942652940750122,0.13942652940750122,0.12714122235774994,0.1271025836467743
429,1.56249996052793e-06,0.1401074081659317,0.1401074081659317,0.12710624933242798,0.12706762552261353
430,1.56249996052793e-06,0.13974788784980774,0.13974788784980774,0.12734970450401306,0.12731100618839264
431,1.56249996052793e-06,0.13934198021888733,0.13934198021888733,0.12684907019138336,0.1268318146467209
432,1.56249996052793e-06,0.14031817018985748,0.14031817018985748,0.1255558431148529,0.12553977966308594
433,1.56249996052793e-06,0.13945351541042328,0.13945351541042328,0.1263395994901657,0.12630121409893036
